Ticker,Asset_Class,Category,Mean_Return,Volatility,Sharpe_Ratio,Skewness,Kurtosis,Downside_Volatility,Max_Drawdown,Percentile_5,Percentile_95,Rolling_Volatility,Win_Rate,Gain_Loss_Ratio,Correlation_SPY,Beta_SPY
AAPL,Stock,Tech,0.1620516945401723,0.2730676791212326,0.5934488294684888,0.1358485885026757,2.1348545362799287,0.1830121568310557,-0.3091281598645597,-0.0283789911314271,0.0266691935747397,0.2601629805289301,0.5290628706998813,0.977640459449026,0.755685285694495,1.1887178139046883
MSFT,Stock,Tech,0.097622179141436,0.273047225362057,0.3575285521103183,-0.0165726651712665,1.9516252322997625,0.1859366077390793,-0.3714848587777735,-0.0271156724703499,0.0270265584768759,0.2653395233422187,0.5160142348754448,0.9966420614565652,0.7828461117152505,1.2313504472134242
GOOGL,Stock,Tech,0.095063606779693,0.322573386273493,0.2947038126049666,-0.0383487083845392,2.7200485480122687,0.2215042610228313,-0.4432004508358852,-0.0312764341583772,0.0303934921319233,0.3163980146342102,0.5207591933570581,0.963109179397776,0.7102425067815813,1.3197835159876086
AMZN,Stock,Tech,0.1155541171778674,0.3723822347557737,0.310310499247241,0.0823468653841368,4.409860564206898,0.2533366429929879,-0.557258256353243,-0.0356149838951718,0.0359129813009823,0.3558247534223722,0.505338078291815,1.0257035950071556,0.7304182626890131,1.5668523856209942
NVDA,Stock,Tech,0.581699080095311,0.5641214161931795,1.0311593628562263,0.4547019159986915,3.755533295618396,0.3417327901885277,-0.6633509394375956,-0.0554137887147462,0.0555123835232926,0.5429105928264566,0.531435349940688,1.0434780914036348,0.7117319500074191,2.3128983983760008
META,Stock,Tech,0.3048412403011167,0.4722706154836278,0.6454800072389527,-0.3421567320675321,20.80470018642357,0.371740593686311,-0.744188037389649,-0.0411066077902451,0.0392515526890067,0.4327746397649513,0.5207591933570581,1.0394648247562015,0.6160679145023661,1.67605019736976
TSLA,Stock,Auto,0.1198257654913558,0.6231453927214697,0.1922918260986243,0.2331560293653801,2.07912581053888,0.3985248264708294,-0.7297004486219802,-0.0631353475253553,0.0624707503250973,0.5986077124873634,0.5041518386714117,1.0137490156815117,0.5632166792199432,2.0217730441925554
BRK-B,Stock,Financial,0.1980017483831697,0.1744556719806856,1.134968821220619,0.2213783261213864,1.9443586334156373,0.11044622319653,-0.2657897082001155,-0.0172952673393404,0.0177640066153383,0.1668814075217333,0.5338078291814946,1.0574702724977043,0.6709449011271834,0.6742787246488178
V,Stock,Financial,0.1718065205798287,0.2231144176083198,0.7700377340985521,0.4455821433760067,5.4974657762801264,0.1517982702014749,-0.2413786367857827,-0.0228703336109182,0.0230006081207276,0.2059074443363986,0.5468564650059312,0.9476019663901448,0.6738048477274873,0.8660226930969501
JNJ,Stock,Healthcare,0.0421729338204103,0.165372714165655,0.2550174860053725,0.4278472659471945,3.0572798364649776,0.104516933888842,-0.1841166303347953,-0.0163703174578079,0.0155957213382091,0.1620259614828268,0.5077105575326216,1.0080011544486231,0.2276932808362076,0.2169109992800126
WMT,Stock,Retail,0.2078997613045524,0.2120288431362428,0.9805258484147028,-1.0999217189420618,12.092686327105936,0.1770992372920987,-0.2573969412525737,-0.018911316434679,0.0184363111378984,0.1949157898607505,0.5551601423487544,0.9575233063805072,0.3432017296557423,0.4191909689242717
JPM,Stock,Financial,0.174505076876807,0.24802295865974,0.7035843690430634,0.3167672176424658,5.315349169849263,0.1724799122708012,-0.3792954714666722,-0.0247079689008333,0.02362302401032,0.2353390944878202,0.5326215895610913,0.9936813019943038,0.607057241111697,0.8673393169454073
MA,Stock,Financial,0.1586742261145432,0.2367309126458903,0.6702725230983805,0.0859965909321811,3.480350167783285,0.1686833467926242,-0.2825033610120058,-0.0225401285366639,0.0228869764044016,0.2158894851924443,0.5302491103202847,0.9978086160898092,0.7173531741468275,0.9782627178410702
PG,Stock,Consumer,0.0758544882301369,0.1774304559001069,0.4275167295565251,-0.5040162519807276,3.564747994683484,0.1332596899599048,-0.2377245584179598,-0.0174989958141833,0.0159665677512607,0.1713044491892273,0.5373665480427047,0.92253262128658,0.339938441941904,0.3474529104559192
UNH,Stock,Healthcare,0.0805074096018386,0.2472338799087975,0.3256325938481293,-0.3267948611647679,3.756936578578794,0.1866671977008593,-0.2590321588128415,-0.0235256425933833,0.0236201513115707,0.2403148119687618,0.5338078291814946,0.925319502355464,0.3158738738601693,0.4498722417523622
HD,Stock,Retail,0.0530876315349086,0.2488804267827978,0.2133057718566159,-0.2276236028327344,3.085553228720316,0.1742120691715254,-0.3472935500642818,-0.024728422948829,0.0249875238232349,0.2385494861328684,0.5160142348754448,0.972300838657509,0.6376977618580602,0.9142672043516216
DIS,Stock,Media,-0.1174663350169575,0.2980211452619967,-0.3941543641599337,-0.3162673117700106,5.906440043685194,0.217692915176883,-0.5107026091799485,-0.029112522678616,0.0300963009386372,0.2828561948090488,0.4863582443653618,0.9733352136671456,0.5887650830304519,1.0107799795932408
BAC,Stock,Financial,0.0367497389597453,0.274304845605165,0.1339740786520517,0.3684951076570893,2.192749489712184,0.1705025517927808,-0.4664292962495577,-0.0275216463607296,0.0289560042830397,0.2658017672332743,0.4804270462633452,1.096568121959563,0.617337165608827,0.9754913192805972
ADBE,Stock,Tech,-0.0716987735992508,0.3873841244173486,-0.1850844396555757,-0.9687551189120842,8.16744017310318,0.3200404023654128,-0.6002149800846817,-0.0342279303816709,0.0340825584919457,0.3678518328699076,0.4970344009489917,0.9756787935058554,0.6479590643557469,1.4459620480593047
CRM,Stock,Tech,0.0609086501990881,0.3811095001126012,0.1598192912564297,-0.4196970609336974,7.905753230515126,0.2807327449130267,-0.5835659510707277,-0.0353006539119725,0.0355839144030243,0.3609665215250583,0.505338078291815,1.007475499573396,0.6507066301203107,1.4285732461235274
NFLX,Stock,Media,0.2414646776018133,0.4772482190564955,0.5059519720768814,-1.8020872871810107,26.99943823380732,0.3923320749201321,-0.7594731823071542,-0.0370849620075343,0.0433800588753633,0.4314684146877677,0.4994068801897983,1.104082627429258,0.5391247078394635,1.4821803732753145
CMCSA,Stock,Telecom,-0.0537996305499295,0.2656424291191404,-0.2025264967209001,-0.6785895256028439,6.971909814863087,0.2071745542639972,-0.4520801910910951,-0.0244618265157739,0.0230335725859159,0.257230736054534,0.4934756820877817,0.966844271355396,0.4742637197996328,0.7257463363017115
PEP,Stock,Consumer,0.0119286664846166,0.1753905301318299,0.0680120327799375,-0.4217292913182165,2.7975737561669245,0.129537751282507,-0.2330346708153812,-0.0183046734905974,0.0169228711581103,0.1698997675749355,0.5148279952550415,0.9535442602446894,0.3501767995874826,0.3538025965794708
COST,Stock,Retail,0.2235815194442792,0.2421023047814105,0.9235001692616956,-0.7510316256476439,8.08881907963052,0.1892265091927658,-0.3140243860773234,-0.0224397782196965,0.021497439682215,0.2243771920954705,0.5432977461447213,0.9887169680494462,0.6239279912623443,0.8701635746265234
CSCO,Stock,Tech,0.0727963208858988,0.2300964195071448,0.3163731145483486,-1.2774577227728812,13.094730826771077,0.1872704252814567,-0.3667507245806469,-0.0209677972393942,0.020942591556456,0.2160947977497905,0.5207591933570581,0.9605998346818811,0.6033136631680047,0.799687904952308
AVGO,Stock,Tech,0.4891581553462496,0.433550886111521,1.128260075151651,0.8681932882110551,10.582780654522276,0.272834419667503,-0.351621927513675,-0.0366367879137307,0.0436849857733926,0.4079013320348733,0.5183867141162515,1.138787950299348,0.635072119053668,1.5861002400710675
INTC,Stock,Tech,-0.0959650881713274,0.4497893730028712,-0.2133556147195031,-0.4906384506340576,10.92387863688397,0.3282190454656937,-0.6357125443211817,-0.0421789356010545,0.0401019032564327,0.4212462423474124,0.4922894424673784,0.9831651507934608,0.5284847622802281,1.3693332888798933
AMD,Stock,Tech,0.0736912362565217,0.5203499873395714,0.1416185991149686,0.0848965775060738,1.4012558574845275,0.3362018901837537,-0.6544994295506862,-0.0532449746543429,0.0533355322101209,0.5114554475376271,0.4863582443653618,1.0740078674278275,0.684208285920147,2.050932577290468
QCOM,Stock,Tech,0.0985911801411724,0.3876294384807598,0.2543438922688171,-0.0928438896742442,1.5389828530835077,0.2632731874913047,-0.4428841659775637,-0.0397605659692455,0.0394056401741693,0.3759782573933093,0.5183867141162515,0.9695624518143926,0.7058406658527636,1.5761260022797283
TXN,Stock,Tech,0.0656535938185053,0.2825962376405521,0.2323229578944831,-0.0202105778772869,0.9421979494252448,0.1782959813019491,-0.2513378855213864,-0.028310877996686,0.0289034105909886,0.2779939395582514,0.5041518386714117,1.021477984737116,0.7058495209092898,1.1490687287626848
INTU,Stock,Tech,0.0786183486571529,0.3687788483352512,0.2131856233405289,0.1026791714033307,2.242024103130996,0.2484213697115866,-0.4901004905324388,-0.0389824128400506,0.0381596718841049,0.3465146611715613,0.5041518386714117,1.017683225644213,0.7293765959783043,1.5494777108563405
AMAT,Stock,Tech,0.1101645351918752,0.429028901972236,0.2567764891489859,-0.1435992979985797,1.0585158158238164,0.2869742194181899,-0.5513920180451175,-0.043639669230503,0.0459072759023795,0.4200293720970354,0.5005931198102017,1.0411617273972191,0.7200259977938822,1.779517377825503
BKNG,Stock,Travel,0.2379091971867907,0.3262736876898439,0.729170650784894,-0.4444099538759689,2.5842096387692326,0.244210975385332,-0.3953191067928658,-0.0324398063513818,0.0327760451042356,0.3060590581845772,0.5373665480427047,0.9716597812426266,0.6146631344909596,1.155278586990963
AMGN,Stock,Healthcare,0.1751624526331375,0.2277901531782544,0.7689641109994172,0.6986342595946116,8.497732516034898,0.1486653636684394,-0.248599586712266,-0.0198798163478999,0.0220768965928013,0.2202228138967946,0.5100830367734283,1.1035368976940887,0.3077527560376371,0.4038354159340077
SBUX,Stock,Consumer,0.0228117622061577,0.3211608688970676,0.0710290836006827,1.856114823308216,31.530636529525992,0.2145011151525977,-0.3980060569474538,-0.0264230455224168,0.0263575265795255,0.2919598993221273,0.494661921708185,1.0312754236567554,0.525595283353907,0.9723924751168525
GILD,Stock,Healthcare,0.2066972296204268,0.2338163008206978,0.8840154809348931,0.8553632690317867,11.473090620451384,0.1504421274832033,-0.265898317178049,-0.0205922565908734,0.021977739138588,0.2250817857589296,0.5243179122182681,1.0516729408106162,0.3051122068074071,0.4109621968461731
MDLZ,Stock,Consumer,0.0520618833087392,0.1906079025751809,0.2731360169508429,-0.3880644203959059,2.5952512446757634,0.1353815364255737,-0.2515795971132872,-0.0187848152172797,0.0193803286275652,0.1842116207447543,0.5148279952550415,0.9700038987383268,0.3809077744712904,0.4182425802997668
ADP,Stock,Tech,0.1243709995148343,0.217710055602785,0.5712689713411808,-0.5504118186322492,6.311357228715316,0.1658761931940367,-0.2175177573970785,-0.021017931528,0.0204319344148382,0.206687581167158,0.5183867141162515,1.0256643230679137,0.6501109698312785,0.8153301248019431
ISRG,Stock,Healthcare,0.1619196584849733,0.3413153552230986,0.4743989861784435,0.0753228697802904,5.495534146033807,0.2420046649221282,-0.4988364687367104,-0.0329334000417581,0.031567482641638,0.3231625569227091,0.5290628706998813,0.9696249113191208,0.6747413694379775,1.3266631650547684
LRCX,Stock,Tech,0.1879213625166716,0.4469856183553659,0.4204192591432974,-0.0514536239492221,1.172249257410627,0.2962501771585121,-0.5639315366916723,-0.0433280226135846,0.0474680550637704,0.4374008094872088,0.4922894424673784,1.1016830095516217,0.7077614732779831,1.8224179075762577
ADI,Stock,Tech,0.1174058482876105,0.3191221998278702,0.3679024785832435,0.2471077992353777,2.1361232961650884,0.1992333344816492,-0.2625395542228414,-0.0317699604099849,0.0309596318826955,0.3130187291790381,0.5148279952550415,0.9994416869109202,0.7253177105078268,1.333376525569795
REGN,Stock,Healthcare,0.0555192303750685,0.2738651156060399,0.2027247254627857,1.1730997801796648,18.97119565082616,0.1861380902374882,-0.4513662125308323,-0.0246601208336533,0.0224522146878178,0.2554334279528517,0.5148279952550415,0.977964048771757,0.3572033853221906,0.5635335647910804
PYPL,Stock,Financial,-0.2177607806685927,0.4395680249215344,-0.495397227101458,-0.852621063263889,9.359132602822006,0.3343087471862578,-0.7663560077087034,-0.0402392395012192,0.0426336450089318,0.4182027364152304,0.4994068801897983,0.9134544725583004,0.5869469910647146,1.4862520954392455
MU,Stock,Tech,0.2002998799810724,0.4723365645535185,0.4240617708061795,0.1666482515419296,2.5512941628565704,0.2983587545609633,-0.4962753393089872,-0.0432706338496383,0.0475298670475705,0.4559786451394207,0.498220640569395,1.0821667892400058,0.597758940263339,1.6264666126125682
VRTX,Stock,Healthcare,0.3367120656714727,0.2726530161707873,1.2349471515127468,0.2121977876045794,8.953047527743848,0.1996591748913263,-0.2324185815993533,-0.0235249500783182,0.0244208543242676,0.2598021959858693,0.5705812574139977,0.9415187586680024,0.3777388733791564,0.5932933669711095
MRNA,Stock,Healthcare,-0.3620910510936019,0.6437312879199717,-0.562487885688441,0.420904471291155,3.531258584946566,0.4067627850525683,-0.9178584036916224,-0.0646907730571249,0.0632752484400739,0.6088847301354583,0.4555160142348754,1.0806156544840233,0.3594681323598938,1.3330072739351295
NXPI,Stock,Tech,0.0880897682968447,0.3819945233640634,0.2306047938098054,-0.0539954587400603,0.3446695607449177,0.2384771809395526,-0.4116169141203925,-0.0388393136394464,0.039566461576896,0.3732942499955031,0.5172004744958482,0.9686932728995632,0.7065183688643194,1.5547053749798985
KLAC,Stock,Tech,0.2753928220085209,0.4190307556996186,0.6572138638098817,-0.2406832129898404,1.720981721787788,0.2844316558754573,-0.4028338114553688,-0.0404371105605584,0.0462125404620379,0.4112879552209479,0.5172004744958482,1.042080203766316,0.7221044217431396,1.7430643092781346
MELI,Stock,Tech,0.232317348018431,0.5374930616958953,0.4322239012452077,-0.0273329716394613,3.1793712074254072,0.3777204127639842,-0.624849206861726,-0.0526401124031436,0.0536288382985825,0.4950656406729179,0.5183867141162515,1.0027647061156997,0.6110746968579456,1.8920589761172912
ASML,Stock,Tech,0.0677504070211184,0.4305271724703346,0.1573661579416031,-0.135729741201995,3.2099775818458234,0.2962017453809593,-0.5647347411924261,-0.0435669579207626,0.0418648775068227,0.4167325918028114,0.501779359430605,1.0174549598661544,0.7202065312402203,1.786179613654925
ABNB,Stock,Travel,-0.0049421126607971,0.4733779309676159,-0.0104400994163271,-0.0873534380856965,2.5030376033698207,0.3258359778599972,-0.6019014758409852,-0.0499650873392892,0.0482778963688004,0.4465629818047176,0.5005931198102017,0.993476002296661,0.6085699481885581,1.6595334694227943
COIN,Stock,Financial,0.2848512766959635,0.930787318665462,0.3060326145229134,0.402650108785851,2.171240908408423,0.5507038971965512,-0.9061237452076288,-0.0837264719634933,0.1004387777982616,0.894003534779409,0.4709371293001186,1.182774878368366,0.5482302059111814,2.939550488481704
ROKU,Stock,Tech,-0.0966582721072323,0.7331047509952894,-0.1318478320813029,0.470965877502663,6.999035832010256,0.4898561841328163,-0.859654197944351,-0.0686250035248564,0.0718933593454031,0.6954684940969307,0.4934756820877817,0.9952813474761936,0.5222173054339975,2.205386945410477
SNAP,Stock,Tech,-0.1622028990825053,0.8164889503995899,-0.1986590253341741,0.0078141296360453,34.25782498170677,0.6842955107741606,-0.8602557104363736,-0.0593628647843335,0.0636525182791106,0.7335732019568338,0.4887307236061684,0.9823865598042651,0.4364251391712148,2.0527098994803947
SPOT,Stock,Media,0.3618939523423686,0.490512660545859,0.7377871795187525,-0.0253626594107584,4.038982445494671,0.3474141608588044,-0.7467564739448649,-0.0437250129203089,0.0480578742964823,0.4592325475365627,0.534994068801898,0.9893281714295434,0.5647241861545641,1.5957105467552295
RBLX,Stock,Tech,0.1220044437702621,0.7093352952582156,0.1719982701916017,-0.1269315647670173,5.991779084132801,0.5306721428858786,-0.8278651994957522,-0.0655370228037617,0.0665313691816551,0.6541209670492794,0.5219454329774614,0.9406180577411356,0.4771651293960965,1.9497897119219112
PLTR,Stock,Tech,0.6747944709131831,0.6996879218620449,0.9644220656509062,1.0053130854616683,6.915114322665774,0.4172711941835108,-0.7436992721440225,-0.0616917128141073,0.0674065784020729,0.6710776782802762,0.4970344009489917,1.1772995173898904,0.5500887083724152,2.2171986900513465
SNOW,Stock,Tech,-0.0370676882141991,0.636844806937436,-0.0582052139083246,0.7060355561211761,7.936033677606691,0.4290515500505648,-0.7298763502408455,-0.0619257190556516,0.0591015696357638,0.601652518841498,0.505338078291815,0.966262142495082,0.5456567385188149,2.001799795360102
NET,Stock,Tech,0.1319613639799083,0.7341707244192837,0.1797420676019021,0.3532279234109131,4.290101501999692,0.5019055710016354,-0.8258227841077649,-0.0747029887927249,0.0688027232877191,0.6888309601988958,0.494661921708185,1.0478271768830718,0.5833051191526416,2.4669500520672107
CRWD,Stock,Tech,0.2249858817945728,0.5300977876336828,0.4244233555451969,-0.1988335227289149,2.0345648336997906,0.3793834620164984,-0.6668307939229311,-0.0543291225451024,0.0492222905358997,0.503888907388529,0.5302491103202847,0.9527666525606237,0.5588702642197316,1.7066108420281774
ZS,Stock,Tech,0.0264353796313578,0.5791070636615425,0.0456485187112272,0.0393660634100773,4.471187218460853,0.420246122698976,-0.7640869887521534,-0.0639087589996333,0.0540332618484143,0.546866562144579,0.5219454329774614,0.9210755160550292,0.5779957048550207,1.9281951197700016
DDOG,Stock,Tech,0.0069535601011143,0.5829570951850475,0.0119280821153863,0.6351155106313132,5.705106175714411,0.3826366830011326,-0.6756183358760668,-0.0613654528726014,0.0596147965254377,0.5517166728031591,0.505338078291815,0.9762640852915562,0.5721578616622844,1.9214096523181432
MDB,Stock,Tech,-0.0526416050331889,0.7136319420512106,-0.0737657634576723,0.1229008681958396,7.255085273414595,0.5045293201999301,-0.765225716244699,-0.0650650120393471,0.0643251867714583,0.6700917123771573,0.4816132858837485,1.0617996884489649,0.550596552734702,2.2634727721495875
TEAM,Stock,Tech,0.0067945853107746,0.6133207585125501,0.011078355357241,-0.2272204979177686,6.119617377585296,0.4469347511549913,-0.7386322842961427,-0.0629451804976889,0.060443430179548,0.5843945622987241,0.505338078291815,0.9808207912704168,0.5528177600247012,1.9531570110999887
ZM,Stock,Tech,-0.2417587077161385,0.4619254536878165,-0.5233716951210197,0.0112429792575892,3.5547059412999635,0.3201557347057186,-0.7908427474105771,-0.0476620948023882,0.044638523718996,0.429229044357825,0.4697508896797153,1.022676069735042,0.5509749087682745,1.4661257505059782
DOCU,Stock,Tech,-0.104849365114272,0.6303805630308135,-0.1663270907500156,-1.303795315959372,21.368735334471168,0.5123633665532696,-0.8560917300939288,-0.0548601809929791,0.0564571743964524,0.5491477907879554,0.4863582443653618,1.0154839380150955,0.5443209807446019,1.9766300528428065
UBER,Stock,Tech,0.2857863591660341,0.4844110091525066,0.5899666889611509,0.5245823085980112,3.3227365249488594,0.2979359654447037,-0.5528846189916725,-0.0447321298500001,0.0521153231586939,0.4617572581335046,0.4958481613285884,1.1157061626776643,0.5258598322788063,1.467410117830695
LYFT,Stock,Tech,-0.1743239678968109,0.7293432229290644,-0.2390149965289601,-0.2814837826620683,12.21879175893335,0.5316625060491319,-0.8497555523642859,-0.0595278525727087,0.0652995162657113,0.7001408936207072,0.4661921708185053,1.0790314233824652,0.4166133632300498,1.7503812557076577
DASH,Stock,Tech,0.1451411203938256,0.5783034531239737,0.2509774403209572,0.042111644517873,1.8228963697261005,0.4046658491628046,-0.8249379958548093,-0.0644484438652536,0.0615255132067991,0.5161552774546785,0.5029655990510083,1.0256150349932505,0.5790545259902851,1.929046746174844
PINS,Stock,Tech,0.074019783096528,0.5724617214735412,0.1293008428685815,0.3959184064707114,7.256641612718818,0.3923693279367145,-0.6476736992930247,-0.0463454707302767,0.0543812260844496,0.5347049501277019,0.4851720047449585,1.0823498535893403,0.4986194500375878,1.6443080141537258
ETSY,Stock,Retail,-0.3449587623505865,0.5650003991801796,-0.6105460506773528,0.0935090125589684,2.375203799407819,0.3749866211204927,-0.8504597319785564,-0.0581465130509226,0.055760179689209,0.5369119988389025,0.4661921708185053,1.0201123810995918,0.5319319600770895,1.7313000652451058
W,Stock,Retail,-0.1926202691146978,0.8509432383232597,-0.2263608904093841,0.354943320413829,2.7418368328195117,0.5200852062038345,-0.8985035098163848,-0.0836040085716037,0.0902131859151364,0.8123401869064809,0.4780545670225385,1.0459255568761732,0.5664487750988041,2.776698589142135
CHWY,Stock,Retail,-0.0070838087103345,0.6663761226738802,-0.0106303459402331,0.8868161641803654,4.833287601288749,0.3913241590560156,-0.8050968787236786,-0.0633387658213773,0.0654682123307494,0.6334271658186761,0.4827995255041518,1.0619038612512817,0.4930845234969125,1.892815591262869
PTON,Stock,Consumer,-0.1462491517626011,0.9254640493258796,-0.1580279124501172,0.6677679123197615,3.846634140242106,0.5267270633454137,-0.9474931596251588,-0.0792517712236229,0.0963960556816721,0.9000984751175634,0.4626334519572954,1.1083242726936149,0.4190832789208734,2.234227494040524
RIVN,Stock,Auto,-0.2951353537115483,0.8192297051227179,-0.3602595851518079,0.240213926212921,3.218312072062548,0.5330103864264317,-0.9511656305634232,-0.0760785314364992,0.0807073475488386,0.7758765370107884,0.4685646500593119,1.06035561459344,0.4591218059060892,2.16671164407558
LCID,Stock,Auto,-0.5019659454457844,0.8277012066121854,-0.6064579119080319,1.0177762277785842,7.619591537930438,0.4946439982875491,-0.9637968300800848,-0.078207325085442,0.0792784048903415,0.788018117924286,0.4543297746144721,1.047110388882342,0.4043002342604109,1.9277250336317184
F,Stock,Auto,-0.0373938470774023,0.4022542058601941,-0.0929607361032759,-0.6288644316498311,5.536308761637628,0.3091135837102297,-0.5642450774326953,-0.0382546838321094,0.0371789849990507,0.38800322066147,0.5088967971530249,0.919479938504203,0.5793940199855447,1.3425859809463998
GM,Stock,Auto,0.036316513266261,0.3748792005850856,0.0968752419701619,0.0761037385467903,1.6064889138413925,0.2474949885840487,-0.5895944689695493,-0.0368704761932302,0.0374627407722244,0.3629256013645593,0.5290628706998813,0.9025849739149394,0.5918724166045541,1.2781650903952144
NIO,Stock,Auto,-0.3659682101018587,0.7685983934130711,-0.4761501106926915,0.6247015879131216,2.118724696064384,0.4321130230478338,-0.9139910889669316,-0.0725114893134916,0.0827857665262605,0.7454802580944896,0.461447212336892,1.0462309851917722,0.4205016722678081,1.861807200097695
XOM,Stock,Energy,0.2470833961597752,0.2693136975244401,0.9174557344501666,-0.1444031384489046,1.376173066130738,0.1805709552099525,-0.2050866739199913,-0.0277378564620101,0.0286840311253179,0.2591279796230267,0.5302491103202847,1.027198939492268,0.3062422600029896,0.4751066066400388
CVX,Stock,Energy,0.1837962576509653,0.2534358214604666,0.7252181502670317,-0.1873570223135149,2.5280469659157525,0.181095665749827,-0.2494894534453894,-0.0257118276784318,0.025765569647323,0.2450381132460324,0.5480427046263345,0.9333585222668082,0.3556480113781456,0.5192253527904028
COP,Stock,Energy,0.1899325327413011,0.323471535752712,0.5871692305146162,-0.1732811715356504,2.2360291142778825,0.2228065919191376,-0.3297753704335453,-0.0310149804507862,0.0335006398679461,0.3055379934476889,0.5100830367734283,1.0592325424185745,0.3295736383682364,0.6141239616257046
SLB,Stock,Energy,0.1631377599381678,0.3736205767820764,0.4366401908140142,-0.049553627949011,2.041801213368581,0.2570521805740254,-0.3890482159631758,-0.0375032222033995,0.0387699491746608,0.3577338583781496,0.5207591933570581,0.9847827740272992,0.3364480552803781,0.724129624135251
EOG,Stock,Energy,0.2010975627198881,0.3322365163213963,0.6052843466651089,-0.1380046709134106,1.9563080463941065,0.229962688506476,-0.3341951159327703,-0.0327053388878732,0.034431984138505,0.3144539621244586,0.5195729537366548,1.0263253574499531,0.332534092267348,0.6364305919683296
MPC,Stock,Energy,0.3225738090921856,0.3237264743798143,0.9964393851635492,-0.2282069605366768,1.3737008459795383,0.22472419059865,-0.3899495686300535,-0.0327290127832596,0.0338485651452245,0.3156906043128648,0.5361803084223014,1.0198090146191774,0.362897024231843,0.6767513493928934
PSX,Stock,Energy,0.2367032650924554,0.3179667609496504,0.7444277017682898,-0.2021059814544636,1.2076851525890362,0.222107151872291,-0.3448754421666979,-0.0328439555527983,0.0336051783872547,0.3058156798278704,0.5243179122182681,1.023755397567321,0.342034132931686,0.6264965401520571
VLO,Stock,Energy,0.2624685290034755,0.3627363952653549,0.7235792504677404,-0.1020124375429794,0.9435489283154994,0.2416016121418833,-0.3395572788844209,-0.0364856673487862,0.0394792107396953,0.3503732691288977,0.5302491103202847,0.9918317271614916,0.2949550590369182,0.6163316755417779
OXY,Stock,Energy,0.2052190958741379,0.3775820619093677,0.5435085947578657,0.855273518373679,5.966588687254017,0.231020857921054,-0.3847688274872855,-0.0343029873403245,0.0398316664577988,0.3429123076470308,0.491103202846975,1.1329032230625486,0.332222091696417,0.7226156581128194
HAL,Stock,Energy,0.1160742450208534,0.3901247083099828,0.2975311292732166,-0.1255872271780638,1.3234827364671355,0.2652720458784441,-0.4553506222027593,-0.040735083622502,0.0394124138393445,0.372991057746747,0.5148279952550415,0.9786052057728364,0.3849290403491606,0.8650707740247411
BKR,Stock,Energy,0.2664997896540513,0.3412923044716233,0.780854962629869,0.0807179110998916,1.5307802388803928,0.2239147914105698,-0.4652736719361253,-0.0348744735734752,0.0354185539331398,0.3251310185390361,0.5219454329774614,1.0289273579394027,0.3802111085471776,0.7475130916857126
DVN,Stock,Energy,0.0991845947605594,0.400750692824843,0.2474970013437013,-0.2836452499809074,2.693939677089265,0.2915940434077005,-0.5570486477072718,-0.0389748663859099,0.0396113582487129,0.3758152272101314,0.5065243179122183,1.0097723392580311,0.3974747641412023,0.917595654234442
FANG,Stock,Energy,0.2378235032633437,0.3615207647624928,0.6578418902703579,-0.1091972659326394,1.752023822698746,0.2501974515492283,-0.3347257154166527,-0.0354663977575836,0.0386522272309855,0.339374703669585,0.5468564650059312,0.919886940276758,0.368156849108548,0.766714430619196
APA,Stock,Energy,0.0342076344715017,0.456315769036872,0.0749648309189542,-0.293589900868008,1.942027738293035,0.3257460445191816,-0.6098316882914352,-0.0432444809197221,0.0487547536721365,0.4370875843148458,0.5207591933570581,0.9252879641192582,0.3953692202129266,1.0392878237286851
CTRA,Stock,Energy,0.2264184152923088,0.3424822647006972,0.6611098986108984,-0.149889003662809,2.067966780650928,0.234803088373239,-0.3324854945848888,-0.0334866827490115,0.0342143486484165,0.3262928867460058,0.5207591933570581,1.01215166190918,0.3547784154170761,0.6999431734589874
OVV,Stock,Energy,0.1943796956993438,0.4629192978706528,0.4198997462267315,-0.0914763537077652,1.8462316008606208,0.3108068889392621,-0.4713354222013821,-0.0432046814200282,0.0489236060589045,0.4333919064204464,0.5100830367734283,1.0166859721662027,0.4196985025808354,1.1192064681314295
NEE,Stock,Energy,0.0082415222624122,0.2811377429127534,0.0293148909037441,-0.3974392963693336,3.6594393545220183,0.2073742583854461,-0.4496972527589782,-0.0257061100739558,0.0269330635846475,0.2710041717874418,0.5100830367734283,0.95604470738591,0.3799480485762929,0.6153339511770869
DUK,Stock,Energy,0.10167964435372,0.1871151526413946,0.5434067894468637,-0.2542102354519257,0.8040963190739121,0.1256461223353401,-0.2415884964444963,-0.0190301316761681,0.0186045727211339,0.1825664871556583,0.5290628706998813,0.9724203148657548,0.2956955894587733,0.3187288023575207
GS,Stock,Financial,0.1751755867295006,0.2691737104885602,0.6507901028356392,0.3928729415315812,5.0516828563140574,0.1766687391827342,-0.3050879077910252,-0.0246759104669388,0.026469769807183,0.2599977055107508,0.5136417556346382,1.0594686668290665,0.6704530908260996,1.039605442267292
MS,Stock,Financial,0.1469476448293113,0.2863975585336437,0.5130897259798014,0.2529885704636141,3.170169426072984,0.1909221107354285,-0.323774185070614,-0.0286026739798217,0.0277508493638641,0.2759287091379404,0.5136417556346382,1.0270765893875995,0.6698786827154259,1.1051798928195369
C,Stock,Financial,0.1035221971118499,0.286564643597323,0.3612525111692355,0.6362722345239925,5.013638176871828,0.1757764360510471,-0.4059991972199407,-0.0264563061735499,0.0281959103018711,0.2759320199662013,0.5065243179122183,1.022104297697564,0.6198393731806989,1.0232205924551605
WFC,Stock,Financial,0.1875326985230191,0.3037248233242985,0.6174427775459873,0.3315643109572235,3.938911068036117,0.2004538300297317,-0.370970398323749,-0.0280061507391413,0.0310913560177318,0.2905271073985497,0.5065243179122183,1.0692525056067637,0.5736146999659069,1.003617132506606
USB,Stock,Financial,-0.0023611041412033,0.3160849689417261,-0.0074698399898877,-0.0918160018758851,3.0803431961561154,0.2229277445121998,-0.5213488797301539,-0.0322311406623706,0.029372196894663,0.3044340118789136,0.4875444839857651,1.0351435705830867,0.541698581034955,0.9863454552481404
PNC,Stock,Financial,0.0323953925564639,0.2832305507008564,0.1143781716919351,0.1228462289647291,1.6292852450367867,0.1831643108587248,-0.4797722816421662,-0.028526110863087,0.0289281768084101,0.278211546413233,0.5088967971530249,0.9837947571366054,0.6066709334902705,0.9898304058324554
TFC,Stock,Financial,-0.0173208080325251,0.337940800445849,-0.0512539711383581,-0.3150558591829516,6.636241829452407,0.2371991258400371,-0.5911312932659265,-0.0314422763953049,0.0317976084489276,0.3229907131643888,0.494661921708185,1.0006593736657787,0.5719807932809393,1.11349835570907
SCHW,Stock,Financial,0.0713628389206553,0.347152979914647,0.2055659696143211,-0.3253543325384234,5.855535151566711,0.2604565337398777,-0.4970344908574148,-0.0326096683923878,0.0336854662511397,0.3260700521491991,0.5005931198102017,1.0311578639247765,0.4931883630311166,0.986282265663759
BLK,Stock,Financial,0.06375200800499,0.2672902360378466,0.2385122964086243,0.6095439149511178,5.871360568020036,0.1694497426098014,-0.4390169199413678,-0.0262332469548682,0.0264943832135061,0.2513009595376816,0.5148279952550415,0.9822470152281622,0.7739408940854335,1.1916765553928907
AXP,Stock,Financial,0.1827088784261572,0.2924301337048979,0.6247949761926229,0.0693662115997508,3.629858697328828,0.2018162821551006,-0.3154589643619155,-0.0280553452444144,0.0301499590439023,0.2783491174484966,0.5183867141162515,1.0341025270553563,0.6868286224158648,1.1570124017773722
SPGI,Stock,Financial,0.0673952385886815,0.2343342173582495,0.2876030626190961,0.1366455985144254,4.377457695473595,0.1595572118422821,-0.3976037294467271,-0.0221229934680414,0.023039610816804,0.2231747588496191,0.5290628706998813,0.9326933503480456,0.6984775555148572,0.942878363323834
MCO,Stock,Financial,0.100132696220969,0.2611906830036827,0.3833700921849393,0.0469269622465239,4.496145771344718,0.1863046682101146,-0.4092908013049702,-0.0276481439525272,0.0254568274518351,0.2466304123187286,0.5266903914590747,0.9551197351516588,0.7335360658114094,1.1036888589865088
ICE,Stock,Financial,0.1164169467515438,0.2121880771336209,0.5486498031566246,-0.3372856199676004,2.911259040179456,0.1521220725075248,-0.3397367322254344,-0.0205822495924938,0.0207175260288039,0.2030807868619651,0.527876631079478,0.97503874708025,0.6080021951419137,0.7431793440859775
CME,Stock,Financial,0.1206517366589302,0.201051714293949,0.600102998786325,0.0096432144207076,1.6764316935534556,0.1330699914008168,-0.3174038457462637,-0.0197384462943286,0.0206970931402912,0.1954144150664731,0.5207591933570581,1.0151507936719848,0.3168899388063792,0.367014934705924
BX,Stock,Financial,0.1405163228531824,0.4017537612911928,0.3497573299664408,0.1146635510316285,2.161010505908446,0.2625853354643416,-0.4928610603838012,-0.0395284064766243,0.0405597715624821,0.3863683699107432,0.5207591933570581,0.9734860511061532,0.7372443685510617,1.706235293831304
KKR,Stock,Financial,0.2252313434172547,0.3862165825917018,0.583173673967706,0.0073248058336454,2.2894086475754136,0.260402589414672,-0.4496339573559375,-0.0381969459397546,0.036893767456766,0.3708301084537713,0.5243179122182681,0.9967114485105426,0.7470428177722563,1.662049359579803
APO,Stock,Financial,0.2949436779669278,0.3595995261065904,0.8202004078267399,-0.3730008326501434,2.0815063427952403,0.2615550445686394,-0.3749322802678078,-0.0377166526623382,0.0349854351655538,0.3457507708670396,0.5444839857651246,0.961698573935132,0.6888446602114887,1.4269472302907464
COF,Stock,Financial,0.1255226474805376,0.3532357679349351,0.355350898393898,0.5139183331611722,4.109380791304214,0.2217740382864937,-0.4556052122400322,-0.0344540946071656,0.0346152606829554,0.3377683077856726,0.5029655990510083,1.0453015538118977,0.6404506760624413,1.303220392966698
SYF,Stock,Financial,0.1287031158997364,0.3724497036317972,0.3455583791441863,0.5549758453791247,5.662844361862655,0.2362144951797534,-0.4459582940988695,-0.0338665048156394,0.0344905874533538,0.3592038907712612,0.5183867141162515,0.9782474733089018,0.6117026729784328,1.3124280904404686
SPY,ETF,Broad Market,0.09403724894536,0.1735931141074048,0.5417107091424012,-0.1654204242224987,1.6320128376309917,0.1211782692238952,-0.2449639406582705,-0.0175123328377145,0.0179968328418968,0.1628304240234132,0.5290628706998813,0.9709332636226686,1.0,1.0
QQQ,ETF,Tech,0.1035156659882533,0.2351062968300616,0.4402930392930991,-0.1332376391700782,1.1723787219566555,0.1607903974142855,-0.3511873332323115,-0.024474744458961,0.0240995084093333,0.2232323685169686,0.531435349940688,0.948928088502228,0.9514730206296492,1.288630021784993
IWM,ETF,Small Cap,0.0020502554360612,0.2303533803918184,0.0089004790490761,0.0814621139578647,0.7715802376559568,0.1413192852572974,-0.3104169888495886,-0.0235684176268443,0.0242751585965111,0.2247585806407284,0.5041518386714117,0.984945364695068,0.8530414433294372,1.1319629876774564
DIA,ETF,Blue Chip,0.0788900415157231,0.1468074591339417,0.537370798330804,-0.1276404670300948,1.5755700117582316,0.1010943886648347,-0.2075720683432659,-0.0147690388669618,0.0153488287078999,0.1388604167860926,0.5302491103202847,0.9705547999611176,0.9204953127118368,0.7784616267688911
VTI,ETF,Total Market,0.0812566959140222,0.1784477339419348,0.4553529154954825,-0.1591642625222007,1.5314111924887834,0.1238970890128874,-0.2536332929672766,-0.0180694507771252,0.0184518563785838,0.1675070584808214,0.5219454329774614,0.9768294102851652,0.9954521472301228,1.0232904734397614
VOO,ETF,S&P 500,0.0945181044505612,0.173189697284148,0.5457490020060934,-0.1780644773819166,1.6225629839668594,0.1210515667325187,-0.2452072260538176,-0.0175111551434915,0.0179087836768586,0.16258178527274,0.534994068801898,0.9510208165368308,0.9997109797803772,0.997387729634704
VEA,ETF,International,0.0478384456332162,0.1653854811633646,0.2892542035534686,0.1869177774305603,1.7350469612928796,0.1045802982162385,-0.2899608027909493,-0.0160002249763461,0.0161518961521466,0.1585944511187614,0.5088967971530249,0.9908127058117618,0.8184740564134865,0.7797758933912765
VWO,ETF,Emerging,0.0193195132348408,0.173983176374238,0.1110424216723378,0.3955997148818339,3.400399254009676,0.108193827392291,-0.2986865590595593,-0.0174907798706075,0.017404877560515,0.1678473895232441,0.498220640569395,1.016328056575085,0.6499607127928251,0.6514211690458758
AGG,ETF,Bonds,-0.0131478163884534,0.0685524120215149,-0.191792177703785,0.1383743618420344,0.924828120455119,0.0415482024896428,-0.1724074333778654,-0.0068662513033112,0.0069201202704669,0.0672980372436281,0.494661921708185,0.9835767829686712,0.2194004914789235,0.0866418749782915
LQD,ETF,Corp Bonds,-0.0198550048598723,0.0959877774384716,-0.2068493030021391,0.1367356672764164,1.2466584932186435,0.0596969384802592,-0.2432958514701698,-0.01004429898732,0.0097489864022063,0.0930696550725801,0.5029655990510083,0.9533022436485962,0.3691834923526627,0.2041388742872577
HYG,ETF,High Yield,0.0323405444934742,0.0852811545958115,0.3792226388907568,-0.0237868792627269,4.155115504837038,0.059719223003525,-0.1579025292102511,-0.008030110911662,0.0087768225447175,0.0774469417694985,0.498220640569395,1.061943996578784,0.7521965130383009,0.3695318644676214
TLT,ETF,Treasuries,-0.1026789965346787,0.1747547187266483,-0.587560652340893,0.0982699354869656,0.1272384321545399,0.1023019681146791,-0.4369652014450952,-0.0179965431054916,0.0172748334834539,0.1720929232204085,0.4899169632265717,0.944837578950405,0.0660224580269001,0.0664642496994107
IEF,ETF,Mid Treasuries,-0.0271600391023688,0.0865406526398527,-0.3138413944646099,0.212186292727268,0.6538018543578947,0.050502595110404,-0.2039752157204286,-0.0086917451990384,0.0083147236204836,0.0847443167525293,0.4875444839857651,0.9950172050336328,0.1001431901427133,0.0499239677619079
SHY,ETF,Short Treasuries,0.0152205600189873,0.0224987163949815,0.6765079283537441,0.5743213994106422,4.361111048935266,0.0139613641822972,-0.0525144030850129,-0.0020917245311462,0.002227113351698,0.0213672399631738,0.4899169632265717,1.095379197676582,0.1130123986324542,0.014647089655728
VNQ,ETF,Real Estate,0.0055953568296529,0.2035628303562099,0.0274871243431907,0.0760094968889258,2.104093357628237,0.1344845790179316,-0.3447852770093902,-0.0216778387732783,0.0204751150537057,0.1968315010840955,0.491103202846975,1.0361465605499458,0.7081560674106759,0.8304145827284938
XLRE,ETF,Real Estate,0.0147273081370011,0.2068585451729893,0.0711950677439267,0.0725766894871435,2.167327302309139,0.1361724676456895,-0.3411403565741454,-0.0222070556878381,0.0208992550223984,0.1997798243916582,0.5005931198102017,0.9831782488596768,0.6845958042801737,0.8157840409344236
XLRE,ETF,Real Estate,0.0147273081370011,0.2068585451729893,0.0711950677439267,0.0725766894871435,2.167327302309139,0.1361724676456895,-0.3411403565741454,-0.0222070556878381,0.0208992550223984,0.1997798243916582,0.5005931198102017,0.9831782488596768,0.6845958042801737,0.8157840409344236
XLK,ETF,Tech,0.1244522441226214,0.2538184774664109,0.4903198749156898,-0.0432451677712858,1.0774561043994098,0.1673054087723812,-0.3355908259856205,-0.0260526179024641,0.0262756384070095,0.2436560039090521,0.534994068801898,0.9401027158747396,0.926742649036154,1.3550330575670648
XLF,ETF,Financial,0.1046706715730734,0.18822907665009,0.5560813102624513,0.0270589966070268,1.9442619657414035,0.1279190176238747,-0.2580532305154471,-0.0191018289957954,0.0176336313670438,0.1772463550633386,0.5136417556346382,1.0203799506596716,0.8125955949999221,0.8811070607451083
XLE,ETF,Energy,0.2167809828777648,0.2609737253333649,0.8306621005653009,-0.3269614762876297,1.5256374653770974,0.1837665863510441,-0.2604372571604425,-0.0257589813416327,0.0290424665950108,0.2480363865376744,0.5480427046263345,0.942806458503166,0.4144875254860514,0.6231258318424788
XLV,ETF,Healthcare,0.0554926701777235,0.1407866123579372,0.3941615559058871,-0.1553916310792997,0.8977543284590621,0.0929783735523571,-0.1606106468277631,-0.0142077387475717,0.0142394793661945,0.1358732754769193,0.5112692763938316,1.0171224959987764,0.7073334914251612,0.5736580427000509
XLI,ETF,Industrial,0.1008439209494793,0.1712416183985799,0.5888984342273397,-0.0205555528603076,0.9017476325692964,0.1100690160473206,-0.2164400278478291,-0.0180507715658349,0.017150552042449,0.1640326379630973,0.5207591933570581,1.0060671516470894,0.8628095501150398,0.8511219151240947
XLY,ETF,Consumer Disc,0.0412333335108458,0.2504141087387285,0.1646605844955284,-0.2132547437244128,1.2444895260207165,0.1728347919019785,-0.396695747605099,-0.0257278403468427,0.0257110017346596,0.2363987881166772,0.5195729537366548,0.9456646188967,0.888311846298111,1.2814207545995475
XLP,ETF,Consumer Staples,0.0620418304856067,0.13453517663318,0.4611569407959994,-0.6007190889778703,4.522857723210717,0.0970163550214675,-0.1630240240696269,-0.013288473422094,0.0130325043710662,0.1273938734376058,0.5231316725978647,0.9752600396080752,0.580373356632799,0.4497910671702991
XLB,ETF,Materials,0.0317198014951788,0.1886489460822606,0.1681419491278119,0.0788885978759465,1.1110396784458685,0.1202329906009053,-0.2471633948012635,-0.0184833660902656,0.0183720764576428,0.1806931242788383,0.5100830367734283,0.9826370549866824,0.8019882895114027,0.8715452013438333
XLU,ETF,Utilities,0.0945615390019021,0.181485660354214,0.5210413804448347,-0.1778891380898082,1.1525369246388877,0.1238568527225364,-0.2526209913662554,-0.0195414124158372,0.0182821924115758,0.1771732689090756,0.5266903914590747,0.9549464853172022,0.4797007038227583,0.5015106702434634
VGT,ETF,Tech,0.1195110319167897,0.2578764370619804,0.4634430089014508,-0.0691995654173114,1.1010516428880814,0.1710708824432553,-0.3507407272037282,-0.0266025056417499,0.0269585605749741,0.2472123781544333,0.5409252669039146,0.9161429663083231,0.933325365717652,1.3864756166648624
VDC,ETF,Consumer Staples,0.0692736420632388,0.1328457056607192,0.5214594007288427,-0.5760653154535738,4.353369545185323,0.095498876074176,-0.1654584393841895,-0.0133142301864136,0.0128800244179317,0.1253277770926404,0.534994068801898,0.9465934902080266,0.6296165092231442,0.4818270004168293
VDE,ETF,Energy,0.2118715738028356,0.2657405830082618,0.7972872317972168,-0.331151375576161,1.532293944060795,0.1871499639183346,-0.2658422385544016,-0.0261016254093447,0.0292514858150199,0.2522971451917031,0.5468564650059312,0.9373586959049108,0.4313338899293363,0.6602964637763465
VHT,ETF,Healthcare,0.037016547376502,0.1459316150386524,0.2536568060779535,-0.1590855464515951,0.832226200385171,0.0964915146840459,-0.1770532946011768,-0.0152004983107015,0.0145707596647746,0.1404810523495853,0.5005931198102017,1.0374315308769553,0.7561812372623742,0.6356862124574204
VIS,ETF,Industrial,0.0949626607714164,0.181413927813513,0.5234584902931745,-0.0211441448495353,0.8752319605379939,0.1167008106691225,-0.229644177441987,-0.0187377304019705,0.0181251522403748,0.1743620591891803,0.5231316725978647,0.9908050163926704,0.8755698302268488,0.9150164901021728
VAW,ETF,Materials,0.0346679208990249,0.1954972148952612,0.1773320449480497,0.0490527808448803,1.0590467991205426,0.1256519847577291,-0.25496161843749,-0.0197973627735867,0.0196202323541762,0.187362220324485,0.5077105575326216,0.9959928528863996,0.8125870798811465,0.9151198870615868
VPU,ETF,Utilities,0.0914020011354648,0.1788066921922727,0.5111777418105767,-0.1864755946000842,1.2226762904935624,0.1223551816990112,-0.2514614958957816,-0.0190937145646326,0.0179601173142638,0.1745058811223244,0.5373665480427047,0.934492200400909,0.4961678626998622,0.511069432434865
VFH,ETF,Financial,0.0995574144344838,0.1961427673689247,0.5075762709477145,0.0320593574676199,2.060988444606651,0.1331175175869896,-0.2566330018904297,-0.0197515634247173,0.0183438303201198,0.185510349373265,0.5195729537366548,1.000128955750826,0.8224613133536649,0.9292986008376868
VCR,ETF,Consumer Disc,0.0359986882817792,0.2515752742718834,0.1430931095512772,-0.1978681368449687,1.2631020278255098,0.1730268380113393,-0.3919788103601258,-0.0260610798933132,0.0251992745562379,0.2372003542343745,0.5160142348754448,0.9534619812754244,0.8967268877134988,1.2995579570277032
VOX,ETF,Telecom,0.0601918628880558,0.224084700217748,0.2686121043943029,-0.1560181261127003,1.4389953991237825,0.1554962865989245,-0.444460236229642,-0.0241219520350425,0.0222958038386109,0.2133231982388268,0.5231316725978647,0.9395437942121436,0.8634673710014377,1.114616947645451
IBB,ETF,Biotech,-0.0113283239799305,0.2163560792045099,-0.0523596287267826,-0.0925418358969491,0.7886103841851462,0.1426297517598587,-0.3209363414459139,-0.021428123522111,0.0224656403877938,0.2082720548480102,0.5100830367734283,0.9453099222586452,0.7081619002791301,0.8826106552337738
SMH,ETF,Semiconductors,0.2078971847540903,0.3576095427037184,0.5813524526842239,-0.0329334740652235,1.1871691191794105,0.2323651405080266,-0.4530263037723464,-0.0363969646423519,0.0358249778319353,0.3481358366211442,0.5124555160142349,1.0394696025586532,0.8187619080476306,1.6866859784483104
SOXX,ETF,Semiconductors,0.1311601576083837,0.3589211755509447,0.3654288644492836,-0.0146693722548275,0.8431970077275635,0.2304592381289389,-0.4575372941249967,-0.0363609329574343,0.0371511067285766,0.3504525116615364,0.5136417556346382,1.0004064697065873,0.824403932420171,1.7045378215289917
ITB,ETF,Homebuilders,0.1315801123592863,0.2972646946419391,0.4426361916869306,0.124049165844963,1.9694189927469097,0.1942964036823762,-0.4054641362661941,-0.0296915136669408,0.0301136455269279,0.2903803155980636,0.5290628706998813,0.9538956734917456,0.6857655361573736,1.1743200976028336
ARKK,ETF,Innovation,-0.1007811403374255,0.497021391334634,-0.2027702269852038,0.1855918094479441,0.8482366072012746,0.3067217623427698,-0.7486992057903928,-0.0540589629139095,0.051311682982312,0.4698139470277596,0.4851720047449585,1.0217301069983544,0.7524988577099937,2.154509590774087
ARKG,ETF,Genomics,-0.2180809821525476,0.4776512327092498,-0.456569495101241,0.2332930129895279,0.214098243676819,0.273239531293285,-0.6992978979452009,-0.0480699505969048,0.0511681886640451,0.4648830646730634,0.4733096085409252,1.0301696557094064,0.6698105979907515,1.8430215936678984
ARKW,ETF,Web,0.007199230344158,0.474917833941016,0.015158896612529,0.0718919635097808,1.0632190005499869,0.3051463370363116,-0.7607315891569881,-0.0502023428229819,0.0496003052738596,0.4428667553457892,0.4934756820877817,1.019384355089161,0.7675797156178243,2.099952511323308
ARKF,ETF,Fintech,0.0118872792433268,0.4645494096583353,0.0255888372607548,0.1271609935487808,1.2907968306868811,0.3023298768944928,-0.7431972671427092,-0.0506310038983157,0.0489147566574256,0.4297362542887256,0.5041518386714117,0.9783168740024726,0.7786497014218974,2.08373045777829
ARKQ,ETF,Autonomous,0.0020121988985806,0.3205008508080142,0.0062782950295066,0.0645315915562616,0.4462973067112727,0.1964874264709658,-0.5493403818245249,-0.0334764758748123,0.0307423168840999,0.3070706028444245,0.4922894424673784,1.0251295744966398,0.8269614078226483,1.5267992405998685
ICLN,ETF,Clean Energy,-0.168156179539143,0.280300713407351,-0.5999134911039904,0.4404715351561454,1.9668099115887667,0.1672090820903424,-0.5436446227980658,-0.0277609228216987,0.0273922933853805,0.2722176684106245,0.4436536180308422,1.1025983118871756,0.584206409810916,0.9433177939640534
TAN,ETF,Solar,-0.2376093447052366,0.4050533729494823,-0.5866124332579522,0.3957136799098021,1.217373178076671,0.2326616377226238,-0.6838270694121872,-0.0379330930262516,0.0419673927192018,0.3984592955338902,0.4436536180308422,1.1296541137357323,0.5092439444888457,1.1882440062782844
LIT,ETF,Lithium,-0.1878018706305218,0.3090858040341955,-0.6076043227457462,0.2813860717421074,0.5575769790739074,0.1792057210491243,-0.624362062640226,-0.0311403371525966,0.0319584780320241,0.3043762833082533,0.4733096085409252,1.0023226980085038,0.5699865083416702,1.0148716965260896
REMX,ETF,Rare Earth,-0.2045902535487861,0.3694194755178152,-0.5538155595668365,0.2341401951245612,0.3452318792953441,0.2155185272814324,-0.7106185032774676,-0.0379407572412704,0.0380331639228168,0.3604265331184484,0.4673784104389086,1.0380895429749963,0.5706826054712959,1.2144564021698925
HACK,ETF,Cybersecurity,0.068899529902491,0.2353018267912783,0.2928134083872094,-0.2271482909341787,0.8691728112679691,0.1598030839095024,-0.3812733187973713,-0.0252190601152458,0.022592928889524,0.2255967610939075,0.534994068801898,0.904673923656685,0.80519181792417,1.0914206283419967
ROBO,ETF,Robotics,-0.0406464843307287,0.2337730259076801,-0.1738715755289089,0.1146203347192793,1.0497866653568293,0.1464262318524216,-0.4305856948602526,-0.023766504598996,0.0225798847229661,0.2243071544785281,0.4970344009489917,0.9767079168529852,0.8829003386859812,1.1889773670506056
BOTZ,ETF,Robotics,-0.0242415374703323,0.2704166726680897,-0.0896451288714971,0.0266639356134222,0.8315888163584337,0.1720890130446972,-0.5396503037077685,-0.0281115124034028,0.0285316411336627,0.2592761984002918,0.498220640569395,0.980811232471548,0.8715595452806242,1.357681918886935
CLOU,ETF,Cloud,-0.038366281356122,0.3126720601284852,-0.1227045401509693,0.1533284630208373,1.3223561060150146,0.1994198452025663,-0.5278833572549992,-0.0344878021381019,0.0323108713220421,0.2947865059974333,0.5065243179122183,0.934034931598926,0.7923734721418213,1.4272054925661115
SKYY,ETF,Cloud,0.0395831796539388,0.3172319811395197,0.1247767627707436,0.0134401788963688,1.3884011117616923,0.2125484447068918,-0.5320489250209993,-0.035131132318107,0.0308626395022817,0.2985160118351109,0.5290628706998813,0.8996039701992647,0.8425850935298208,1.5397784634113596
JETS,ETF,Airlines,0.0320080702900886,0.3061076009065936,0.104564768059633,-0.1047413708750989,2.129514979496464,0.2046248112315229,-0.3783520241876166,-0.0297801432447148,0.0322243524182197,0.2874029973734088,0.4934756820877817,1.0081134924709934,0.6582120589271186,1.1606665119292043
XHB,ETF,Homebuilders,0.113908904990684,0.2795706131525899,0.407442340617225,0.1365534254011161,1.8533729809792057,0.1798938608540989,-0.3946009287255393,-0.0283739803676262,0.0282168730872865,0.2725641584449921,0.5160142348754448,0.9987394554132228,0.7489305364366167,1.2061478956517655
HERO,ETF,Gaming,-0.0127569222590242,0.2458347725470142,-0.0518922613219193,0.2167155086099196,1.3550418075587922,0.1535828402235069,-0.4641578726541437,-0.0259316576024472,0.024626035199298,0.2405280965925661,0.4970344009489917,0.9843657901602998,0.6852808468681914,0.9704639610096222
ESPO,ETF,Esports,0.1178874573007829,0.2681126813578157,0.4396937015577178,0.2410954707731216,1.460905055626533,0.1612135361521449,-0.4833129873115611,-0.0265609697873118,0.0274435789013584,0.2579125854423413,0.5231316725978647,0.9745346607644378,0.7545298125387163,1.165363109270565
BETZ,ETF,Gambling,-0.0593873828881927,0.2859149229774399,-0.2077099798420758,-0.0980194696982953,1.6465606918174205,0.194332358098632,-0.5497729472044341,-0.029791889874463,0.0280534480197265,0.2685223385202486,0.4934756820877817,0.9772951505760102,0.7725091538768866,1.272354012230118
UFO,ETF,Space,-0.016484065423407,0.2733519536422261,-0.0603034483703821,0.3193074824189437,0.9757503123741462,0.1582996487991785,-0.4815515680639974,-0.0278620874911884,0.0288187677446568,0.2652587936972526,0.4816132858837485,1.0512759873643438,0.6911069284478182,1.0882656840294025
GC=F,Commodity,Gold,0.1567316771803081,0.1448458150103839,1.082058719950397,-0.2222949146799977,0.8652021087430248,0.0997140222430745,-0.204303677146066,-0.0152678549136669,0.0155778491478848,0.1425547113479255,0.5421115065243179,1.0081057380356424,0.0841098728372402,0.0701811425192363
SI=F,Commodity,Silver,0.1307672842808255,0.2924066622399444,0.4472103449322913,0.261567506658022,1.3877600273427817,0.1815547179673247,-0.3472552708877643,-0.0300799152088833,0.0313084363297285,0.2898227676061641,0.5112692763938316,1.0305932290901487,0.183953118779493,0.3098574373039899
PL=F,Commodity,Platinum,0.007709658538883,0.2864617367865342,0.0269133973191964,0.1098860448115979,0.0938258356179471,0.1643422040798332,-0.3023861171366569,-0.0269159746347644,0.0310154978761209,0.2864171043853655,0.501779359430605,0.9947659895529236,0.2147610381423121,0.3543966608160622
PA=F,Commodity,Palladium,-0.1265194201598634,0.4529195489323401,-0.2793419282919133,0.3833716945402033,2.217675097699913,0.2628902502429044,-0.7238833468379825,-0.0419251113677755,0.046385981407268,0.4467956266347071,0.4756820877817319,1.048035816433973,0.1790116137491471,0.4670568862699812
HG=F,Commodity,Copper,0.0751920002232371,0.2378500064777691,0.3161320083052638,0.0581419956641382,1.3219218007987044,0.1509350124485169,-0.3486508284622534,-0.024255910606014,0.0238568543355981,0.2305710836704345,0.5029655990510083,1.0308479647874471,0.2180319382761652,0.2987382201073967
CL=F,Commodity,Crude Oil,0.022962316726908,0.377230323547483,0.060870813647667,-0.4501136119947431,2.184722481644001,0.2687626391476945,-0.4684720968302725,-0.0381941563760478,0.0345434977433198,0.3583047366943793,0.5207591933570581,0.9249712852228128,0.1157160819578325,0.2514593695784056
BZ=F,Commodity,Brent Oil,0.0263517351299197,0.354604934342101,0.0743129397756694,-0.5835198983646968,2.997996339040835,0.2668889001027211,-0.4593686464561363,-0.0380760788892168,0.0331353334906875,0.3340373562803682,0.5207591933570581,0.9250303667616886,0.1042084923524163,0.2128704573250218
NG=F,Commodity,Natural Gas,0.2783935198413931,0.8371242664144348,0.3325593714226043,0.7799895715282107,8.192586907817272,0.5111645777338841,-0.8372933886333046,-0.0744578008976191,0.0778139035758118,0.8009765025087677,0.5029655990510083,1.0455976076297966,0.0780540700251194,0.3764029261553049
RB=F,Commodity,Gasoline,0.068475603200061,0.400115621750351,0.1711395393674127,-0.2985515990305796,4.1876524626036975,0.2961547952233541,-0.5626958316946028,-0.0397876072362886,0.036003269922062,0.3799465101880533,0.5456702253855279,0.8554486960794669,0.1245244598572307,0.2870170394436005
HO=F,Commodity,Heating Oil,0.068654210277426,0.4291945874260811,0.1599605686762072,-0.6442016916223169,7.8780424166950365,0.3237356654633386,-0.5992522178397616,-0.0384471184873928,0.0389563920553017,0.3910722780958754,0.5160142348754448,0.9648882849233804,0.0947146925430844,0.2341742274642634
ZC=F,Commodity,Corn,-0.0228102092178173,0.2730845232873337,-0.0835280188830656,-1.4433942296033726,15.372706002808368,0.2189424331520625,-0.5575924228536444,-0.0234715782314888,0.0235896928957426,0.2483173991903524,0.4994068801897983,0.9710167374286568,-0.0377660864134152,-0.0594109608417689
ZW=F,Commodity,Wheat,-0.0401273973910324,0.3872951855849258,-0.1036093369723371,1.003147405199156,8.755137380547387,0.2249041761979249,-0.6505876162076762,-0.0339629085409339,0.0395974875738627,0.3581943601821672,0.4673784104389086,1.0917928179446732,-0.0231013907932122,-0.0515403936413706
ZS=F,Commodity,Soybeans,-0.0276591507904803,0.2252836059575488,-0.1227748049970947,-0.7427983226605023,5.322177099578216,0.1634415632092044,-0.469332956472576,-0.021048670243729,0.0219663614941426,0.214072213935067,0.5112692763938316,0.92727322304571,0.0234296041076311,0.0304061928185652
KC=F,Commodity,Coffee,0.2612443506428796,0.3608374405270559,0.7239945784486609,0.1480636553515414,0.2182582783468638,0.2104759679941773,-0.4430037139661321,-0.0350142507864507,0.0397195787367265,0.35751378290343,0.4934756820877817,1.1342168161486217,0.0640718673035966,0.133182290821251
CT=F,Commodity,Cotton,-0.1239069288766585,0.3241816333724039,-0.3822145245789427,-1.7406566671038328,21.56382611515817,0.2531084564853241,-0.60739147425564,-0.0333457678231753,0.034690622091272,0.2994624938155162,0.4780545670225385,1.017146375041452,0.1215298466589146,0.2269545332829778
SB=F,Commodity,Sugar,0.0316279466085078,0.2712404265546762,0.1166048402527945,-0.2414605960521287,1.2541453424734108,0.1782610641576496,-0.3713774878274269,-0.0258025671926282,0.0285477048678146,0.2645457673646339,0.4887307236061684,1.046410648239818,0.0355821484238779,0.0555973499631617
CC=F,Commodity,Cocoa,0.4612653666440856,0.4575147583522602,1.0081977864612133,-1.0814457238095845,10.204560633518764,0.3881434991515986,-0.4312173766627365,-0.0399098762448879,0.0447407889709286,0.393990970815148,0.5421115065243179,1.0085475484348283,0.0543086752601371,0.1431336753524668
OJ=F,Commodity,Orange Juice,0.3232317050547494,0.4196188675695854,0.7702983112434714,-0.433211310777866,1.0576643956106988,0.2933794652659739,-0.5609361045967876,-0.042053967550321,0.0409140714927436,0.4083268773089326,0.5551601423487544,0.9054070126115366,-0.0024930636703812,-0.0060263712620363
LE=F,Commodity,Live Cattle,0.1424101904714113,0.137173694965094,1.0381741959174449,-1.428776816278969,8.922741553385386,0.1227452662342618,-0.1321661967022079,-0.0119371333299829,0.0126257452506305,0.1328817945710448,0.5527876631079478,0.9393805518234428,0.0836508496541363,0.0661011019534327
HE=F,Commodity,Lean Hogs,0.1095850112100619,0.3764596556864458,0.2910936392645899,-0.9826226597970512,26.97137011842908,0.3217093230580163,-0.4665032496919367,-0.0247078433663231,0.0285144113907766,0.3522237386134368,0.4875444839857651,1.0999646258542644,0.0343660708106916,0.0745273754158495
GLD,Commodity,Gold ETF,0.1510694634450119,0.1436449796641873,1.0516863436381942,-0.0707610887247454,0.8640672754958785,0.0925672570279059,-0.2103284420378304,-0.0147390778726969,0.015879326211868,0.1413994559721106,0.5326215895610913,1.0405590226094397,0.1542129041043207,0.1276082267889652
SLV,Commodity,Silver ETF,0.1193152842306936,0.2785299900561942,0.4283749990678615,0.3759330992048522,1.7102778590777588,0.1674357041517639,-0.3300614049225324,-0.0269359260923741,0.0291844816802517,0.2752213097334032,0.4994068801897983,1.0618601523211992,0.2703445823050777,0.4337676307517041
PPLT,Commodity,Platinum ETF,-0.0015150661410059,0.2563870273059112,-0.005909293293526,0.0500916268296067,0.4933299534463597,0.1557181480822062,-0.2868821760360158,-0.0249365188606874,0.0279252398407273,0.2549665871032773,0.4816132858837485,1.0605670604552848,0.2810503479080068,0.4150951700701828
PALL,Commodity,Palladium ETF,-0.1456863744230396,0.410049629985617,-0.3552896131820671,0.0595382438057242,1.7497163477354878,0.253515531531954,-0.736305081642276,-0.0386699759555606,0.0407912471454392,0.398866666751391,0.4661921708185053,1.0805598846146525,0.2214771554308205,0.5231579956477141
COPX,Commodity,Copper ETF,0.1372966318570292,0.3420817687239785,0.4013561797495621,0.0807707578149467,0.8699474504303693,0.2137505807147428,-0.4211940568264712,-0.0349712506396352,0.0357567043839835,0.3346806218244411,0.498220640569395,1.0652374247843035,0.5251509246423389,1.03485992559322
USO,Commodity,Oil ETF,0.1435436117407394,0.3405724680162644,0.421477439373885,-0.5108883347392448,2.286347209073581,0.2446487548062459,-0.3623219783711318,-0.0351628460440785,0.0325766485867175,0.3244524327999241,0.527876631079478,0.9517717188773692,0.1462806539927158,0.2869881308915781
UNG,Commodity,Gas ETF,-0.1245904469531729,0.6623406708185566,-0.1881062909804364,-0.0712775457321684,0.3657086217257559,0.4105388578793936,-0.907664995530515,-0.0679472033305229,0.066119019671486,0.6437071225508326,0.4970344009489917,0.963552122121875,0.1106324488724918,0.4221156511724806
DBA,Commodity,Agriculture,0.131315942090558,0.1457453074008619,0.9009960212947584,-0.2832412761247925,1.4475771787990297,0.0972352154803291,-0.1594076309171042,-0.0147133101625214,0.015251776825687,0.1402243743930069,0.5243179122182681,1.0098102611222748,0.118858667810247,0.0997913607710461
CORN,Commodity,Corn ETF,-0.015106675296465,0.2049586371334211,-0.0737059706668089,-0.0260490767797956,2.2594307295757057,0.1356119208680048,-0.4292845239949445,-0.0186450397026839,0.0197265291825947,0.191568159956408,0.4744958481613286,1.0592445505607488,-0.0201171226020437,-0.0237519676558701
WEAT,Commodity,Wheat ETF,-0.0897347582945721,0.3351109561878588,-0.2677762592884846,0.895932644722668,6.46802779896322,0.1959593660751437,-0.6229773481510814,-0.0309166631495206,0.0340535089172345,0.3067189373758374,0.4507710557532621,1.0873727404037128,-0.0279740244115333,-0.0540021539285903
BTC-USD,Crypto,Bitcoin,0.2446603597809067,0.557671017621268,0.4387180829738999,0.0397968127860725,5.024771554154411,0.3852118868081957,-0.7569315831478424,-0.0544447644421437,0.0563426717913502,0.5353760742506564,0.494661921708185,1.1060060441604804,0.4159068360115511,1.3361082302532987
ETH-USD,Crypto,Ethereum,0.0041844348134762,0.6969279343692386,0.0060041140656291,0.0685081846402444,5.656030357447301,0.4913127592352135,-0.7805269953726454,-0.0650909344004687,0.0698948782171928,0.6593837595117636,0.4887307236061684,1.0472533982144947,0.4304403189600219,1.7280978217628966
BNB-USD,Crypto,Binance Coin,0.1943321615851116,0.602617220322593,0.3224802661315946,-0.4110758082316964,4.735685123576444,0.457359470382026,-0.6758078269210652,-0.0577600646004105,0.0649721278511153,0.5716070224850127,0.5172004744958482,0.9904371843006096,0.3593348215415661,1.2474074932978956
XRP-USD,Crypto,Ripple,0.585656977888299,0.9067035381181994,0.6459189285880472,3.731647273969386,40.137515163463625,0.4941125619611255,-0.7449021699588794,-0.0735757168300158,0.0735793615861297,0.7935217892793259,0.4994068801897983,1.1509778729000286,0.2701564436465886,1.4110686622525597
ADA-USD,Crypto,Cardano,0.0517848473678112,0.8699630747718361,0.0595253394879923,1.1449601615954763,8.326017811699225,0.5325124993152514,-0.8840229186715644,-0.0801823661967938,0.0824373115259984,0.7975408301513616,0.4851720047449585,1.0727699573850045,0.3479173475800259,1.743590159226658
DOGE-USD,Crypto,Dogecoin,0.3585147535533169,0.9937541943418016,0.3607680406227356,2.6525934310868817,28.30425031253093,0.5967096700634729,-0.7935382292763801,-0.0797532728565637,0.0891132843744676,0.8872187436945271,0.498220640569395,1.0836318183870794,0.3104292717007585,1.7770888689065834
SOL-USD,Crypto,Solana,0.3554941789530547,1.001027230596771,0.3551293791889396,0.044869307271582,4.65170056627336,0.6617152016215988,-0.9593700839647812,-0.0919196581799608,0.1012463390059771,0.9465784132887444,0.491103202846975,1.1025671764311409,0.3842034026763377,2.2155145389522395
DOT-USD,Crypto,Polkadot,-0.34862314478332,0.8277829870587159,-0.4211528265663567,0.1977711270673522,4.0303200146903,0.5634655983280676,-0.9234195177646048,-0.0818967940200958,0.0781336408753468,0.7775897486423935,0.4827995255041518,0.994532893425946,0.3888553176849359,1.8542660408047336
MATIC-USD,Crypto,Polygon,-0.1787086789811446,0.940819212008734,-0.1899500740419463,0.5935670545123239,5.483558455292622,0.5974818027569718,-0.924317875003934,-0.0906813198531604,0.0895749888119665,0.8772744767841425,0.4792408066429419,1.050532655840131,0.3878581676510129,2.102067340267913
LTC-USD,Crypto,Litecoin,-0.0027061300263902,0.7774077707471764,-0.0034809660106553,0.0530934428583348,4.340069886735204,0.5744471565497633,-0.8354143309950025,-0.0774868564026718,0.0722483963601376,0.7355112829268802,0.5255041518386714,0.9023639477988814,0.3722095930420748,1.6668785018657062
SHIB-USD,Crypto,Shiba Inu,0.2333229210775697,1.193723700135552,0.195458062071713,4.78644306424622,62.02686605941952,0.5849982270533199,-0.8771929831559666,-0.0999999454303165,0.1099999430050006,1.0498402912214166,0.192170818505338,1.3624556949522686,0.2273299486822064,1.5632483401654311
AVAX-USD,Crypto,Avalanche,0.0739068366088234,0.9846765078506414,0.0750569715227062,0.1508240275207274,2.6542233188315283,0.6304041002439373,-0.9343870603108256,-0.0953342715892043,0.101924728698539,0.9231146787467196,0.4768683274021352,1.1112851490440847,0.3839603810241423,2.177947950780652
UNI-USD,Crypto,Uniswap,4709.971372270946,8605.718491043845,0.5473071629257584,28.982760560150787,838.0006695565554,1.994553849424099,-0.9998344905100456,-0.0675948473490046,0.0761543861749976,1684.129189142977,0.4507710557532621,754.9096130285343,0.0754783952636353,3741.771815860734
LINK-USD,Crypto,Chainlink,0.1728052998916689,0.9196365029055754,0.1879060904451852,0.5364030306519788,5.6218681032410185,0.5864055452534009,-0.8517807838175356,-0.0853635691640438,0.0888040772855379,0.8735761907612365,0.4970344009489917,1.045610147080898,0.3738484958941945,1.980520512858184
ATOM-USD,Crypto,Cosmos,-0.1580312699432009,0.8907975277911445,-0.1774042529451797,-0.0051004750648924,2.96032282090507,0.6139990221936392,-0.9144448951558732,-0.0903767373371184,0.0896523633489411,0.8294523309932811,0.4827995255041518,1.0382030185302358,0.3810340519294105,1.955286033136972
XLM-USD,Crypto,Stellar,0.274597440059462,0.8931544096726368,0.3074467718970438,3.733050052533823,35.37360999139057,0.4757466730642161,-0.8169253398525085,-0.0691096872451136,0.0703986172443624,0.7547116142320267,0.4827995255041518,1.1443775110844585,0.2814580373145714,1.4481305232520862
ALGO-USD,Crypto,Algorand,-0.2340428732283713,0.9447795219687996,-0.2477222122052941,0.8115882587225404,7.548653324937932,0.602659159864662,-0.9588267930381764,-0.0897459585099205,0.0926887736233188,0.8742144618317232,0.4970344009489917,0.9682151949708389,0.3506848160117455,1.908600087837012
VET-USD,Crypto,VeChain,-0.1509557982299215,0.8963253778634375,-0.1684162938572078,0.7125023100575171,4.806478522739389,0.5682377503414257,-0.9112402793066314,-0.0880978896298275,0.0829050427129683,0.8336462090272609,0.4887307236061684,1.012800072664976,0.3688578094431288,1.9045491356439044
ICP-USD,Crypto,Internet Computer,-0.1245911515092443,1.0129438303875553,-0.1229990723785497,1.150035616558887,7.790969589956056,0.5958304680159059,-0.9397786141516802,-0.0943553657934021,0.0937755013574209,0.9561630596264076,0.4602609727164887,1.146897927412114,0.3163863685950653,1.846165510279444
FIL-USD,Crypto,Filecoin,-0.3874290330260653,1.0205576406027372,-0.3796248419611569,0.8759492511380048,8.624999239192306,0.6864909807184055,-0.957940101970907,-0.0977288088955707,0.0890269744679464,0.9751269810498524,0.4780545670225385,1.0170004123706202,0.3043589187216739,1.7893326102486349
